<?xml version="1.0" encoding="UTF-8" ?>
<!DOCTYPE struts PUBLIC
	"-//Apache Software Foundation//DTD Struts Configuration 2.3//EN"
	"http://struts.apache.org/dtds/struts-2.3.dtd">

<struts>

    <constant name="struts.devMode" value="false" />

	<package name="shop" extends="struts-default" namespace="/">
		<global-results>
			<result name="msg">/WEB-INF/jsp/msg.jsp</result>
		</global-results>
	
		<!-- 配置首页访问的Action -->
		<action name="index" class="indexAction">
			<result name="index">/WEB-INF/jsp/index.jsp</result>
		</action>
		
		<!-- 配置用户模块的Action -->
		<action name="user_*" class="userAction" method="{1}">
			<result name="registPage">/WEB-INF/jsp/regist.jsp</result>
			<result name="input">/WEB-INF/jsp/regist.jsp</result>
			<result name="loginPage">/WEB-INF/jsp/login.jsp</result>
			<result name="login">/WEB-INF/jsp/login.jsp</result>
			<result name="loginSuccess" type="redirectAction">index</result>
			<result name="quit" type="redirectAction">index</result>
			<result name="checkcodeFail">/WEB-INF/jsp/regist.jsp</result>
		</action>
		
		<!-- 验证码Action -->
		<action name="checkImg" class="checkImgAction"></action>
		
		<!-- 商品模块的Action -->
		<action name="product_*" class="productAction" method="{1}">
			<result name="findByPid">/WEB-INF/jsp/product.jsp</result>
			<result name="findByCid">/WEB-INF/jsp/productList.jsp</result>
			<result name="findByCsid">/WEB-INF/jsp/productList.jsp</result>
		</action>
		
		<!-- 购物车的Action -->
		<action name="cart_*" class="cartAction" method="{1}">
			<result name="addCart">/WEB-INF/jsp/cart.jsp</result>
			<result name="clearCart">/WEB-INF/jsp/cart.jsp</result>
			<result name="removeCart">/WEB-INF/jsp/cart.jsp</result>
			<result name="myCart">/WEB-INF/jsp/cart.jsp</result>
		</action>
	</package>
</struts>
